{"nm":"Flow 3","ddd":0,"h":167,"w":360,"meta":{"g":"LottieFiles Figma v42"},"layers":[{"ty":4,"nm":"Group 233 / Vector","sr":1,"st":0,"op":46,"ip":0,"hd":false,"ddd":0,"bm":0,"hasMask":false,"ao":0,"ks":{"a":{"a":1,"k":[{"o":{"x":0,"y":0},"i":{"x":0.58,"y":1},"s":[2.7,3.21],"t":0},{"s":[32.7,38.93],"t":45}]},"s":{"a":1,"k":[{"o":{"x":0,"y":0},"i":{"x":0.58,"y":1},"s":[100,100],"t":0},{"s":[100,100],"t":45}]},"sk":{"a":0,"k":0},"p":{"a":1,"k":[{"o":{"x":0,"y":0},"i":{"x":0.58,"y":1},"s":[166.5,86.61],"t":0},{"s":[179.5,55.81],"t":45}]},"r":{"a":1,"k":[{"o":{"x":0,"y":0},"i":{"x":0.58,"y":1},"s":[0],"t":0},{"s":[0],"t":45}]},"sa":{"a":0,"k":0},"o":{"a":1,"k":[{"o":{"x":0,"y":0},"i":{"x":0.58,"y":1},"s":[100],"t":0},{"s":[100],"t":45}]}},"shapes":[{"ty":"sh","bm":0,"hd":false,"nm":"","d":1,"ks":{"a":1,"k":[{"o":{"x":0,"y":0},"i":{"x":0.58,"y":1},"s":[{"c":true,"i":[[0,0],[-0.08,0.13],[-0.14,0.06],[-0.15,-0.03],[-0.11,-0.11],[-0.03,-0.15],[0.06,-0.14],[0.12,-0.09],[0.15,0],[0.14,0.15],[0,0.21]],"o":[[0,-0.15],[0.08,-0.13],[0.14,-0.06],[0.15,0.03],[0.11,0.11],[0.03,0.15],[-0.06,0.14],[-0.12,0.09],[-0.2,0],[-0.14,-0.15],[0,0]],"v":[[1.94,0.78],[2.07,0.34],[2.41,0.06],[2.85,0.01],[3.23,0.23],[3.44,0.62],[3.4,1.07],[3.12,1.42],[2.7,1.55],[2.17,1.32],[1.94,0.78]]}],"t":0},{"s":[{"c":true,"i":[[0,0],[-1.01,1.55],[-1.67,0.71],[-1.78,-0.36],[-1.28,-1.31],[-0.35,-1.82],[0.69,-1.72],[1.51,-1.03],[1.81,0],[1.72,1.76],[0,2.49]],"o":[[0,-1.86],[1.01,-1.55],[1.67,-0.71],[1.78,0.36],[1.28,1.31],[0.35,1.82],[-0.69,1.72],[-1.51,1.03],[-2.43,0],[-1.72,-1.76],[0,0]],"v":[[23.54,9.4],[25.08,4.18],[29.19,0.72],[34.48,0.18],[39.17,2.75],[41.67,7.56],[41.15,12.99],[37.78,17.21],[32.69,18.79],[26.22,16.04],[23.54,9.4]]}],"t":45}]}},{"ty":"sh","bm":0,"hd":false,"nm":"","d":1,"ks":{"a":1,"k":[{"o":{"x":0,"y":0},"i":{"x":0.58,"y":1},"s":[{"c":true,"i":[[0,0],[0.08,0.06],[0.1,0],[0,0],[0.08,-0.06],[0.02,-0.1],[-0.04,-0.09],[-0.09,-0.04],[0,0],[0,0],[0,0],[-0.04,-0.11],[-0.1,-0.05],[-0.06,0],[-0.07,0.04],[-0.04,0.08],[0,0],[0,0],[-0.11,-0.04],[-0.1,0.05],[-0.04,0.11],[0.04,0.11],[0,0],[0,0],[-0.04,0.09],[0.02,0.1]],"o":[[-0.02,-0.1],[-0.08,-0.06],[0,0],[-0.1,0],[-0.08,0.06],[-0.02,0.1],[0.04,0.09],[0,0],[0,0],[0,0],[-0.05,0.11],[0.04,0.11],[0.06,0.03],[0.08,0],[0.07,-0.04],[0,0],[0,0],[0.05,0.1],[0.11,0.04],[0.1,-0.05],[0.04,-0.11],[0,0],[0,0],[0.09,-0.04],[0.04,-0.09],[0,0]],"v":[[5.39,2.34],[5.24,2.09],[4.97,2],[0.43,2],[0.16,2.09],[0.01,2.34],[0.05,2.64],[0.25,2.84],[0.25,2.84],[1.71,3.5],[1.12,5.81],[1.11,6.14],[1.33,6.39],[1.51,6.43],[1.74,6.36],[1.9,6.18],[2.7,4.77],[3.5,6.18],[3.74,6.4],[4.07,6.39],[4.29,6.14],[4.28,5.81],[3.69,3.5],[5.15,2.84],[5.36,2.64],[5.39,2.34]]}],"t":0},{"s":[{"c":true,"i":[[0,0],[0.93,0.77],[1.2,-0.02],[0,0],[0.93,-0.77],[0.26,-1.2],[-0.53,-1.1],[-1.08,-0.51],[0,0],[0,0],[0,0],[-0.48,-1.31],[-1.24,-0.59],[-0.77,0],[-0.84,0.54],[-0.43,0.91],[0,0],[0,0],[-1.28,-0.47],[-1.24,0.58],[-0.49,1.31],[0.54,1.29],[0,0],[0,0],[-0.53,1.1],[0.28,1.2]],"o":[[-0.24,-1.2],[-0.93,-0.77],[0,0],[-1.19,0],[-0.93,0.77],[-0.26,1.2],[0.53,1.1],[0,0],[0,0],[0,0],[-0.55,1.28],[0.48,1.31],[0.69,0.34],[0.99,0],[0.84,-0.54],[0,0],[0,0],[0.6,1.26],[1.28,0.47],[1.24,-0.58],[0.49,-1.31],[0,0],[0,0],[1.1,-0.5],[0.53,-1.1],[0,0]],"v":[[65.26,28.38],[63.45,25.33],[60.16,24.16],[5.23,24.16],[1.95,25.35],[0.12,28.38],[0.55,31.92],[3.04,34.41],[3.06,34.41],[20.68,42.37],[13.51,70.33],[13.41,74.37],[16.1,77.34],[18.31,77.86],[21.1,77.04],[23.03,74.82],[32.69,57.72],[42.36,74.84],[45.31,77.53],[49.24,77.35],[51.94,74.4],[51.87,70.36],[44.7,42.4],[62.36,34.43],[64.87,31.94],[65.26,28.38]]}],"t":45}]}},{"ty":"fl","bm":0,"hd":false,"nm":"","c":{"a":1,"k":[{"o":{"x":0,"y":0},"i":{"x":0.58,"y":1},"s":[0.9726,0.6314,0.2667],"t":0},{"s":[0.9726,0.6314,0.2667],"t":45}]},"r":1,"o":{"a":1,"k":[{"o":{"x":0,"y":0},"i":{"x":0.58,"y":1},"s":[100],"t":0},{"s":[100],"t":45}]}}],"ind":1},{"ty":4,"nm":"Group 233 / FitYou","sr":1,"st":0,"op":46,"ip":0,"hd":false,"ddd":0,"bm":0,"hasMask":false,"ao":0,"ks":{"a":{"a":1,"k":[{"o":{"x":0,"y":0},"i":{"x":0.58,"y":1},"s":[4.5,1.5],"t":0},{"s":[54.5,19],"t":45}]},"s":{"a":1,"k":[{"o":{"x":0,"y":0},"i":{"x":0.58,"y":1},"s":[100,100],"t":0},{"s":[100,100],"t":45}]},"sk":{"a":0,"k":0},"p":{"a":1,"k":[{"o":{"x":0,"y":0},"i":{"x":0.58,"y":1},"s":[166.5,91.33],"t":0},{"s":[179.5,113.74],"t":45}]},"r":{"a":1,"k":[{"o":{"x":0,"y":0},"i":{"x":0.58,"y":1},"s":[0],"t":0},{"s":[0],"t":45}]},"sa":{"a":0,"k":0},"o":{"a":1,"k":[{"o":{"x":0,"y":0},"i":{"x":0.58,"y":1},"s":[100],"t":0},{"s":[100],"t":45}]}},"shapes":[{"ty":"sh","bm":0,"hd":false,"nm":"","d":1,"ks":{"a":1,"k":[{"o":{"x":0,"y":0},"i":{"x":0.58,"y":1},"s":[{"c":true,"i":[[0,0],[0,0],[0,0],[0,0],[0,0]],"o":[[0,0],[0,0],[0,0],[0,0],[0,0]],"v":[[0.39,1.03],[1.25,1.03],[1.25,1.37],[0.39,1.37],[0.39,1.03]]}],"t":0},{"s":[{"c":true,"i":[[0,0],[0,0],[0,0],[0,0],[0,0]],"o":[[0,0],[0,0],[0,0],[0,0],[0,0]],"v":[[4.67,12.52],[15.14,12.52],[15.14,16.57],[4.67,16.57],[4.67,12.52]]}],"t":45}]}},{"ty":"sh","bm":0,"hd":false,"nm":"","d":1,"ks":{"a":1,"k":[{"o":{"x":0,"y":0},"i":{"x":0.58,"y":1},"s":[{"c":true,"i":[[0,0],[0,0],[0,0],[0,0],[0,0],[0,0],[0,0]],"o":[[0,0],[0,0],[0,0],[0,0],[0,0],[0,0],[0,0]],"v":[[0.42,2.02],[0,2.02],[0,0.22],[1.36,0.22],[1.36,0.56],[0.42,0.56],[0.42,2.02]]}],"t":0},{"s":[{"c":true,"i":[[0,0],[0,0],[0,0],[0,0],[0,0],[0,0],[0,0]],"o":[[0,0],[0,0],[0,0],[0,0],[0,0],[0,0],[0,0]],"v":[[5.05,24.51],[0,24.51],[0,2.71],[16.47,2.71],[16.47,6.76],[5.05,6.76],[5.05,24.51]]}],"t":45}]}},{"ty":"sh","bm":0,"hd":false,"nm":"","d":1,"ks":{"a":1,"k":[{"o":{"x":0,"y":0},"i":{"x":0.58,"y":1},"s":[{"c":true,"i":[[0,0],[0,0],[0,0],[0,0],[0,0]],"o":[[0,0],[0,0],[0,0],[0,0],[0,0]],"v":[[1.61,2.02],[1.61,0.64],[2.02,0.64],[2.02,2.02],[1.61,2.02]]}],"t":0},{"s":[{"c":true,"i":[[0,0],[0,0],[0,0],[0,0],[0,0]],"o":[[0,0],[0,0],[0,0],[0,0],[0,0]],"v":[[19.55,24.51],[19.55,7.75],[24.41,7.75],[24.41,24.51],[19.55,24.51]]}],"t":45}]}},{"ty":"sh","bm":0,"hd":false,"nm":"","d":1,"ks":{"a":1,"k":[{"o":{"x":0,"y":0},"i":{"x":0.58,"y":1},"s":[{"c":true,"i":[[0,0],[0.05,0.04],[0,0.06],[-0.05,0.04],[-0.07,0],[-0.05,-0.04],[0,-0.06],[0.05,-0.04],[0.08,0]],"o":[[-0.07,0],[-0.05,-0.04],[0,-0.06],[0.05,-0.04],[0.07,0],[0.05,0.04],[0,0.07],[-0.04,0.04],[0,0]],"v":[[1.81,0.45],[1.63,0.38],[1.57,0.22],[1.63,0.06],[1.81,0],[1.99,0.06],[2.06,0.22],[1.99,0.38],[1.81,0.45]]}],"t":0},{"s":[{"c":true,"i":[[0,0],[0.56,0.52],[0,0.77],[-0.56,0.52],[-0.89,0],[-0.56,-0.5],[0,-0.77],[0.56,-0.54],[0.91,0]],"o":[[-0.89,0],[-0.56,-0.52],[0,-0.77],[0.56,-0.52],[0.89,0],[0.56,0.48],[0,0.81],[-0.54,0.52],[0,0]],"v":[[21.98,5.42],[19.8,4.64],[18.96,2.71],[19.8,0.78],[21.98,0],[24.16,0.75],[25,2.62],[24.16,4.64],[21.98,5.42]]}],"t":45}]}},{"ty":"sh","bm":0,"hd":false,"nm":"","d":1,"ks":{"a":1,"k":[{"o":{"x":0,"y":0},"i":{"x":0.58,"y":1},"s":[{"c":true,"i":[[0,0],[0.09,0.08],[0,0.16],[0,0],[0,0],[0,0],[-0.03,-0.03],[-0.05,0],[-0.04,0.03],[0,0],[0.06,-0.02],[0.06,0]],"o":[[-0.16,0],[-0.09,-0.08],[0,0],[0,0],[0,0],[0,0.06],[0.03,0.03],[0.06,0],[0,0],[-0.04,0.03],[-0.06,0.01],[0,0]],"v":[[2.95,2.04],[2.57,1.92],[2.44,1.55],[2.44,0.33],[2.84,0.33],[2.84,1.54],[2.88,1.68],[3.01,1.73],[3.17,1.67],[3.28,1.96],[3.13,2.02],[2.95,2.04]]}],"t":0},{"s":[{"c":true,"i":[[0,0],[1.1,1],[0,1.99],[0,0],[0,0],[0,0],[-0.37,-0.39],[-0.64,0],[-0.54,0.42],[0,0],[0.71,-0.19],[0.75,0]],"o":[[-1.97,0],[-1.1,-1.02],[0,0],[0,0],[0,0],[0,0.71],[0.37,0.37],[0.77,0],[0,0],[-0.5,0.35],[-0.69,0.17],[0,0]],"v":[[35.77,24.76],[31.16,23.26],[29.51,18.75],[29.51,4.05],[34.36,4.05],[34.36,18.69],[34.93,20.34],[36.45,20.9],[38.41,20.27],[39.72,23.7],[37.91,24.51],[35.77,24.76]]}],"t":45}]}},{"ty":"sh","bm":0,"hd":false,"nm":"","d":1,"ks":{"a":1,"k":[{"o":{"x":0,"y":0},"i":{"x":0.58,"y":1},"s":[{"c":true,"i":[[0,0],[0,0],[0,0],[0,0],[0,0]],"o":[[0,0],[0,0],[0,0],[0,0],[0,0]],"v":[[2.22,0.98],[2.22,0.67],[3.18,0.67],[3.18,0.98],[2.22,0.98]]}],"t":0},{"s":[{"c":true,"i":[[0,0],[0,0],[0,0],[0,0],[0,0]],"o":[[0,0],[0,0],[0,0],[0,0],[0,0]],"v":[[26.92,11.87],[26.92,8.13],[38.54,8.13],[38.54,11.87],[26.92,11.87]]}],"t":45}]}},{"ty":"sh","bm":0,"hd":false,"nm":"","d":1,"ks":{"a":1,"k":[{"o":{"x":0,"y":0},"i":{"x":0.58,"y":1},"s":[{"c":true,"i":[[0,0],[0,0],[0,0],[0,0],[0,0],[0,0],[0,0],[0,0],[0,0],[0,0],[0,0],[0,0],[0,0]],"o":[[0,0],[0,0],[0,0],[0,0],[0,0],[0,0],[0,0],[0,0],[0,0],[0,0],[0,0],[0,0],[0,0]],"v":[[3.98,2.02],[3.98,1.29],[4.08,1.54],[3.28,0.22],[3.73,0.22],[4.33,1.23],[4.08,1.23],[4.69,0.22],[5.1,0.22],[4.3,1.54],[4.4,1.29],[4.4,2.02],[3.98,2.02]]}],"t":0},{"s":[{"c":true,"i":[[0,0],[0,0],[0,0],[0,0],[0,0],[0,0],[0,0],[0,0],[0,0],[0,0],[0,0],[0,0],[0,0]],"o":[[0,0],[0,0],[0,0],[0,0],[0,0],[0,0],[0,0],[0,0],[0,0],[0,0],[0,0],[0,0],[0,0]],"v":[[48.21,24.51],[48.21,15.6],[49.36,18.65],[39.77,2.71],[45.13,2.71],[52.48,14.95],[49.39,14.95],[56.77,2.71],[61.73,2.71],[52.13,18.65],[53.26,15.6],[53.26,24.51],[48.21,24.51]]}],"t":45}]}},{"ty":"sh","bm":0,"hd":false,"nm":"","d":1,"ks":{"a":1,"k":[{"o":{"x":0,"y":0},"i":{"x":0.58,"y":1},"s":[{"c":true,"i":[[0,0],[0.11,0.06],[0.07,0.11],[0,0.14],[-0.07,0.11],[-0.11,0.06],[-0.15,0],[-0.11,-0.06],[-0.07,-0.11],[0,-0.14],[0.07,-0.11],[0.11,-0.06],[0.15,0]],"o":[[-0.15,0],[-0.11,-0.06],[-0.07,-0.11],[0,-0.14],[0.07,-0.11],[0.11,-0.06],[0.15,0],[0.11,0.06],[0.07,0.11],[0,0.14],[-0.07,0.11],[-0.11,0.06],[0,0]],"v":[[5.75,2.04],[5.35,1.95],[5.08,1.7],[4.99,1.33],[5.08,0.96],[5.35,0.71],[5.75,0.62],[6.14,0.71],[6.41,0.96],[6.51,1.33],[6.41,1.7],[6.14,1.95],[5.75,2.04]]}],"t":0},{"s":[{"c":true,"i":[[0,0],[1.39,0.75],[0.81,1.29],[0,1.66],[-0.79,1.29],[-1.37,0.73],[-1.79,0],[-1.39,-0.75],[-0.79,-1.29],[0,-1.7],[0.79,-1.31],[1.39,-0.75],[1.76,0]],"o":[[-1.79,0],[-1.37,-0.75],[-0.79,-1.31],[0,-1.68],[0.81,-1.31],[1.39,-0.75],[1.76,0],[1.39,0.73],[0.79,1.29],[0,1.66],[-0.79,1.29],[-1.39,0.75],[0,0]],"v":[[69.61,24.76],[64.85,23.64],[61.58,20.59],[60.39,16.13],[61.58,11.68],[64.85,8.63],[69.61,7.51],[74.35,8.63],[77.62,11.65],[78.8,16.13],[77.62,20.59],[74.35,23.64],[69.61,24.76]]}],"t":45}]}},{"ty":"sh","bm":0,"hd":false,"nm":"","d":1,"ks":{"a":1,"k":[{"o":{"x":0,"y":0},"i":{"x":0.58,"y":1},"s":[{"c":true,"i":[[0,0],[-0.05,0.03],[-0.03,0.06],[0,0.08],[0.03,0.06],[0.05,0.03],[0.07,0],[0.05,-0.03],[0.03,-0.06],[0,-0.08],[-0.03,-0.06],[-0.05,-0.03],[-0.07,0]],"o":[[0.07,0],[0.05,-0.03],[0.03,-0.06],[0,-0.08],[-0.03,-0.06],[-0.05,-0.03],[-0.07,0],[-0.05,0.03],[-0.03,0.06],[0,0.08],[0.03,0.06],[0.05,0.03],[0,0]],"v":[[5.75,1.72],[5.93,1.67],[6.05,1.54],[6.1,1.33],[6.05,1.13],[5.93,1],[5.75,0.95],[5.57,1],[5.44,1.13],[5.39,1.33],[5.44,1.54],[5.57,1.67],[5.75,1.72]]}],"t":0},{"s":[{"c":true,"i":[[0,0],[-0.64,0.37],[-0.37,0.69],[0,0.96],[0.37,0.69],[0.64,0.37],[0.81,0],[0.64,-0.37],[0.39,-0.69],[0,-0.98],[-0.37,-0.71],[-0.64,-0.37],[-0.81,0]],"o":[[0.81,0],[0.64,-0.37],[0.37,-0.71],[0,-0.98],[-0.37,-0.69],[-0.64,-0.37],[-0.81,0],[-0.64,0.37],[-0.37,0.69],[0,0.96],[0.39,0.69],[0.64,0.37],[0,0]],"v":[[69.61,20.77],[71.79,20.21],[73.32,18.62],[73.88,16.13],[73.32,13.64],[71.79,12.05],[69.61,11.49],[67.43,12.05],[65.87,13.64],[65.31,16.13],[65.87,18.62],[67.43,20.21],[69.61,20.77]]}],"t":45}]}},{"ty":"sh","bm":0,"hd":false,"nm":"","d":1,"ks":{"a":1,"k":[{"o":{"x":0,"y":0},"i":{"x":0.58,"y":1},"s":[{"c":true,"i":[[0,0],[0.09,0.04],[0.05,0.09],[0,0.14],[0,0],[0,0],[0,0],[-0.05,-0.05],[-0.09,0],[-0.05,0.03],[-0.03,0.05],[0,0.08],[0,0],[0,0],[0,0],[0,0],[0,0],[0,0],[0.09,-0.05],[0.11,0]],"o":[[-0.11,0],[-0.09,-0.04],[-0.05,-0.09],[0,0],[0,0],[0,0],[0,0.11],[0.05,0.05],[0.06,0],[0.05,-0.03],[0.03,-0.06],[0,0],[0,0],[0,0],[0,0],[0,0],[0,0],[-0.05,0.1],[-0.09,0.05],[0,0]],"v":[[7.36,2.04],[7.05,1.98],[6.84,1.77],[6.77,1.42],[6.77,0.64],[7.17,0.64],[7.17,1.36],[7.24,1.62],[7.45,1.7],[7.61,1.66],[7.73,1.54],[7.77,1.32],[7.77,0.64],[8.17,0.64],[8.17,2.02],[7.79,2.02],[7.79,1.64],[7.86,1.75],[7.65,1.97],[7.36,2.04]]}],"t":0},{"s":[{"c":true,"i":[[0,0],[1.1,0.54],[0.6,1.1],[0,1.72],[0,0],[0,0],[0,0],[-0.58,-0.66],[-1.08,0],[-0.58,0.31],[-0.33,0.66],[0,1.02],[0,0],[0,0],[0,0],[0,0],[0,0],[0,0],[1.1,-0.6],[1.29,0]],"o":[[-1.39,0],[-1.08,-0.54],[-0.6,-1.12],[0,0],[0,0],[0,0],[0,1.39],[0.6,0.64],[0.75,0],[0.58,-0.33],[0.33,-0.69],[0,0],[0,0],[0,0],[0,0],[0,0],[0,0],[-0.56,1.16],[-1.08,0.58],[0,0]],"v":[[89.12,24.76],[85.38,23.95],[82.86,21.49],[81.95,17.22],[81.95,7.75],[86.81,7.75],[86.81,16.51],[87.68,19.59],[90.21,20.55],[92.2,20.09],[93.57,18.59],[94.07,16.04],[94.07,7.75],[98.93,7.75],[98.93,24.51],[94.32,24.51],[94.32,19.9],[95.16,21.24],[92.67,23.89],[89.12,24.76]]}],"t":45}]}},{"ty":"fl","bm":0,"hd":false,"nm":"","c":{"a":1,"k":[{"o":{"x":0,"y":0},"i":{"x":0.58,"y":1},"s":[0.953,0.6275,0.3216],"t":0},{"s":[0.953,0.6275,0.3216],"t":45}]},"r":1,"o":{"a":1,"k":[{"o":{"x":0,"y":0},"i":{"x":0.58,"y":1},"s":[100],"t":0},{"s":[100],"t":45}]}}],"ind":2}],"v":"5.7.0","fr":30,"op":45,"ip":0,"assets":[]}